ΔFWHM_cube (meV),ΔE_res_cube (meV)
7.252565693912416,74.2890697288341
