FWHM (eV),E_res (eV)
0.09905591678571968,1.6991900662982777
